strain,gene,mutation,provean_classification
2D2A,phoQ,D150G,Neutral
2D2A,phoQ,G479P,Neutral
2D2A,phoQ,R480P,Neutral
2D2A,phoQ,Q482D,Neutral
2D2A,phoQ,M483G,Neutral
2D2A,phoQ,E484R,Neutral
2D2A,phoQ,D485_S488del,Neutral
2D2A,phoQ,M1_G33del,Deleterious
2D2A,phoQ,F478W,Deleterious
2D2A,phoQ,Q481A,Deleterious
2D2A,pmrB,R256G,Deleterious
2D4A.1,mgrB,IS903B,Neutral
2D4A.1,phoQ,D150G,Neutral
2D4A.1,phoQ,M1-G33del,Deleterious
2D4A.1,pmrB,S192Y,Deleterious
2D4A.1,pmrB,A246T,Neutral
2D4A.1,pmrB,Q360del,Neutral
2D4A.1,pmrB,N361del,Neutral
2D4A.1,pmrB,V362del,Neutral
2D4A.1,pmrB,S363del,Neutral
2D4A.1,pmrB,T364del,Neutral
2D4A.1,pmrB,H365del,Neutral
2D4A.2,mgrB,IS903B,Neutral
2D4A.2,phoQ,D150G,Neutral
2D4A.2,pmrB,A246T,Neutral
2D4A.2,pmrB,Q356S,Neutral
2D4A.2,pmrB,R357A,Neutral
2D4A.2,pmrB,G359V,Neutral
2D4A.2,pmrB,Q360R,Neutral
2D4A.2,pmrB,N361T,Neutral
2D4A.2,pmrB,V362S,Neutral
2D4A.2,pmrB,S363A,Neutral
2D4A.2,pmrB,T364del,Neutral
2D4A.2,pmrB,H365del,Neutral
2D4A.2,pmrB,F354S,Deleterious
2D4A.2,pmrB,P355R,Deleterious
2D4B,phoP,R13C,Deleterious
2D4B,phoP,G215C,Deleterious
2D4B,phoP,G217C,Deleterious
2D4B,phoQ,D150G,Neutral
2D4B,phoQ,V477G,Neutral
2D4B,phoQ,G479P,Neutral
2D4B,phoQ,R480P,Neutral
2D4B,phoQ,Q482D,Neutral
2D4B,phoQ,M483G,Neutral
2D4B,phoQ,E484R,Neutral
2D4B,phoQ,D485-S488del,Neutral
2D4B,phoQ,F478W,Deleterious
2D4B,phoQ,Q481A,Deleterious
2D4B,pmrB,R256G,Deleterious
2D4B,pmrB,Q331S,Deleterious
2D4B,pmrB,A335P,Deleterious
2D4B,pmrB,N341T,Deleterious
2D4B,pmrB,R342D,Deleterious
2D4B,pmrB,R349del,Deleterious
2D4B,pmrB,V352G,Deleterious
2D4B,pmrB,P355S,Deleterious
2D4B,pmrB,D334T,Neutral
2D4B,pmrB,Q336S,Neutral
2D4B,pmrB,Q343S,Neutral
2D4B,pmrB,P344Q,Neutral
2D4B,pmrB,P346Q,Neutral
2D4B,pmrB,V348S,Neutral
2D4B,pmrB,W351R,Neutral
2D4B,pmrB,L353C,Neutral
2D4B,pmrB,F354Y,Neutral
2D4B,pmrB,Q356R,Neutral
2D4B,pmrB,R357S,Neutral
2D4B,pmrB,G358A,Neutral
2D4B,pmrB,Q360V,Neutral
2D4B,pmrB,N361R,Neutral
2D4B,pmrB,V362T,Neutral
2D4B,pmrB,T364A,Neutral
2D4B,pmrB,H365P,Neutral
5D3D,mgrB,L2F,Neutral
5D3D,mgrB,K21L,Neutral
5D3D,mgrB,N3S,Deleterious
5D3D,mgrB,V4F,Deleterious
5D3D,mgrB,M5S,Deleterious
5D3D,mgrB,D7A,Deleterious
5D3D,mgrB,Q8_F12del,Deleterious
5D3D,mgrB,S14A,Deleterious
5D3D,mgrB,G15del,Deleterious
5D3D,mgrB,I16del,Deleterious
5D3D,mgrB,C17L,Deleterious
5D3D,mgrB,T18L,Deleterious
5D3D,phoP,G215D,Deleterious
5D3D,phoQ,L11C,Neutral
5D3D,phoQ,D150G,Neutral
5D3D,phoQ,G479A,Neutral
5D3D,phoQ,R480A,Neutral
5D3D,phoQ,Q481S,Neutral
5D3D,phoQ,Q482R,Neutral
5D3D,phoQ,M483W,Neutral
5D3D,phoQ,E484K,Neutral
5D3D,phoQ,D485I,Neutral
5D3D,phoQ,K486N,Neutral
5D3D,phoQ,Q487R,Neutral
5D3D,phoQ,S488V,Neutral
5D3D,phoQ,S12H,Deleterious
5D3D,phoQ,L13Y,Deleterious
5D3D,phoQ,R14G,Deleterious
5D3D,phoQ,V15del,Deleterious
5D3D,phoQ,R16F,Deleterious
5D3D,phoQ,F17V,Deleterious
5D3D,pmrB,G201D,Deleterious
5D3D,pmrB,L353del,Deleterious
5D3D,pmrB,P355S,Deleterious
5D3D,pmrB,F354Y,Neutral
5D3D,pmrB,Q356R,Neutral
5D3D,pmrB,R357S,Neutral
5D3D,pmrB,G358A,Neutral
5D3D,pmrB,Q360del,Neutral
5D3D,pmrB,N361del,Neutral
5D3D,pmrB,V362del,Neutral
5D3D,pmrB,S363del,Neutral
5D3D,pmrB,T364del,Neutral
5D3D,pmrB,H365del,Neutral
